{"cameraMode":{"drawMode":0,"name":"Shaded","section":"Shading Mode"},"sceneLighting":true,"audioPlay":false,"sceneViewState":{"showFog":true,"showMaterialUpdate":false,"showSkybox":true,"showFlares":true,"showImageEffects":true,"showParticleSystems":true},"in2DMode":false,"pivot":{"x":-0.15854217112064362,"y":1.2604376077651978,"z":-4.78000020980835},"rotation":{"x":0.2076883614063263,"y":0.0410705991089344,"z":-0.008728019893169403,"w":0.977295994758606},"size":10.0,"orthographic":false}